,strain,pop_num,mse,freq_s,deltag_s,deltag_r,hillcoef,K50_s,K50_r
0,795,two,0.09615167899473379,0.998683925988565,13.639236281392236,0.06813303922341254,25.978255798864488,0.2100032158980949,17.541428930914044
