,strain,pop_num,mse,freq_s,deltag_s,deltag_r,hillcoef,K50_s,K50_r
0,489,two,0.1456833922493351,0.9980870678962533,2.9239199786534007,0.053036654098964714,20.4055721255678,1.2054458753149446,16.140717031786828
